assets/js/boot-gate.js	5569	1fd4c7d84e80f59a77f540f34fb68dc65ad54bfa4e7b56f79df49b48cc86d0b2
assets/js/boot.js	10212	eb6211f104b43d2ee72ec2e637561a583b9c959c5cf06efbbdb1c4f2f5eda56f
assets/js/init.js	15304	8dcf7da9ed6df23782133cb744dba30229fdfa956c95ab0d1fc1652ee9867b8c
assets/js/routes.js	4489	702e93c29a6557d730cd41c66753b8ba1d32c95a6432c8c02c34317409692bb4
contact.html	4473	e9e7faef0c4b528783bcc1b20a324eaa3f9a6a99bb621913469e96d2701dfe55
design-archive.html	14426	115630fe432b4c1b8c643cf37ba5b6443defc5bca17e5a67d8f4656afb5abcf7
field-notes.html	7281	a0801fa00b8667a83833d72a131ea54da0431189447f756bed6ebaaa8f56d956
fonts/Basenine-Bold.woff2	15504	c278992b171f3bae068ed59233f5caf92754b86458d04aab8905ec352cdd48f6
fonts/Basenine-BoldItalic.woff2	16344	82cd3f2dcec5a86781006cc74dddc9bd091c885fb6e8953be4218f76e3bacb58
fonts/Basenine-Italic.woff2	17436	9783f068f0ce5cb63ee784aef74bcc1ed614be5f67d838c3d59a60a2d8cbbdc7
fonts/Basenine-Regular.woff2	15728	5a48e2cd217995eed56236c9adeb1ec35298a3ffb26b027fc8c8d10482129352
fonts/DIN2014-Bold.woff2	15008	4b666f36709894f840800502d16a40f435655c3c28fcc878b6fdca324d996a7b
fonts/DIN2014-BoldItalic.woff2	16380	09a1aeab706a767283f67df2cbd9d2b42342969a1914ad02cc5311d54cab05b7
fonts/DIN2014-DemiBold.woff2	15372	d30b0386fc394eee9c501408b8cfe41fc8883274d3c5fbc0c5f3b9a0c9ec9345
fonts/DIN2014-ExtraBold.woff2	14820	3694de877f682c10c3593d4fcbb9f8f24ee644dd20f1734539f486ff19d204e6
fonts/DIN2014-Italic.woff2	16652	59f4b02dc26c143412ee4430b3ff212b4e0d2ba77ccd6f9f4b6676f8e0191eda
fonts/DIN2014-Regular.woff2	14912	0da31962d6fd0722135bd87e773b530f741b4ac5a4efa2c2cb849e3eec3eea50
fonts/monogram.woff2	660	877782acee095e6a73e39e9cdd24402c3b9ec1efb118dbc223689f88c4f8a4f6
gallery.json	4891	e50e8b0afffb8d5b48e1bdeb981fd8761b977d3e0455a44eb4c0352eef9e99f1
index.html	9934	e205151b7de8474d28aca6c74f8f4bc935bfe59830ce4744b9914ba39405e78b
projects.html	12096	eed32a49a429e1ab3473fa18905a36875f2b1f9beb48ed67bbc9e3e75695a320
release-files.txt	558	598f806033fd4e84598793a45e54be77290e56dd8c9b00421b4e7371a8e5ccd3
robots.txt	1008	ab4c6836ccb80b49a50b63cee69eb46a090ec809980e63121fe4c155af76d494
security-lab.html	7219	47cdc3403e5f49166b4385e4b0e9328759d26c8f8db6ba6bd44d92a1ef348801
site.json	1832	fbadb6cafca8f27e1d57570534a988b89fe1090e1adaa68fb3f167db500846ae
sitemap.xml	469	13d03c5db0ba34e7e3d063c1fe44a19091015c64d23f3e62731005e3c26e86e4
styles/main.css	27008	39f2c28e41392fe0b7d4121d8cc37df4dc9cbdfa8747995b236568534e64f6f9
